{
  "Batumi": {
    "latc": 41.6093667,
    "lngc": 41.6005667,
    "lat1": 41.59686292770675,
    "lat2": 41.623214308500614,
    "lng1": 41.582153256560105,
    "lng2": 41.619510878323354
  },
  "Kobuleti": {
    "latc": 41.92995,
    "lngc": 41.8634834,
    "lat1": 41.92258854840492,
    "lat2": 41.939836901591,
    "lng1": 41.84140485110356,
    "lng2": 41.88532852053527
  },
  "Kutaisi": {
    "latc": 42.1776167,
    "lngc": 42.4812334,
    "lat1": 42.16839754819557,
    "lat2": 42.18726461595267,
    "lng1": 42.45938580813481,
    "lng2": 42.50369571566466
  },
  "Senaki-Kolkhi": {
    "latc": 42.2409,
    "lngc": 42.047683333333333,
    "lat1": 42.234014735291076,
    "lat2": 42.25877028085459,
    "lng1": 42.02122014346196,
    "lng2": 42.06956409335021
  },
  "Sukhumi-Babushara": {
    "latc": 42.8612834,
    "lngc": 41.1245667,
    "lat1": 42.84648891153208,
    "lat2": 42.88163265161509,
    "lng1": 41.09656613650395,
    "lng2": 41.15435146212462
  },
  "Gudauta": {
    "latc": 43.11426666666667,
    "lngc": 40.56978333333333,
    "lat1": 43.095875217080405,
    "lat2": 43.13172231515356,
    "lng1": 40.5466274577625,
    "lng2": 40.58842681765441
  },
  "Sochi-Adler": {
    "latc": 43.4444834,
    "lngc": 39.9414834,
    "lat1": 43.43085797468276,
    "lat2": 43.46090158959244,
    "lng1": 39.91806786837651,
    "lng2": 39.96598266482238
  },
  "Gelendzhik": {
    "latc": 44.57273333333333,
    "lngc": 38.0114,
    "lat1": 44.564239295048246,
    "lat2": 44.586898996733524,
    "lng1": 37.99374383273198,
    "lng2": 38.02603744387511
  },
  "Novorossiysk": {
    "latc": 44.66806666666667,
    "lngc": 37.77823333333333,
    "lat1": 44.65946551029406,
    "lat2": 44.682667837390085,
    "lng1": 37.75831025424077,
    "lng2": 37.797212828396596
  },
  "Anapa-Vityazevo": {
    "latc": 45.0049666666666667,
    "lngc": 37.34783333333333,
    "lat1": 44.98802207064853,
    "lat2": 45.02410683024014,
    "lng1": 37.316925938750046,
    "lng2": 37.38204978823546
  },
  "Krymsk": {
    "latc": 44.96788333333333,
    "lngc": 37.99495,
    "lat1": 44.95178542324294,
    "lat2": 44.98277843085539,
    "lng1": 37.97449630084111,
    "lng2": 38.01625274538878
  },
  "Krasnodar-Center": {
    "latc": 45.086933333333333,
    "lngc": 38.94025,
    "lat1": 45.073672240834206,
    "lat2": 45.09713229664018,
    "lng1": 38.91084473910405,
    "lng2": 38.97159122347716
  },
  "Krasnodar-Pashkovsky": {
    "latc": 45.037933333333333,
    "lngc": 39.18803333333333,
    "lat1": 45.01800207558803,
    "lat2": 45.06407171254051,
    "lng1": 39.121945317412155,
    "lng2": 39.21552204012755
  },
  "Maykop-Khanskaya": {
    "latc": 44.68123333333333,
    "lngc": 40.0352,
    "lat1": 44.66416625475839,
    "lat2": 44.699218956276106,
    "lng1": 40.01123708071782,
    "lng2": 40.056705702542104
  },
  "Mineralnye Vody": {
    "latc": 44.22786666666667,
    "lngc": 43.081166666666667,
    "lat1": 44.206173499676396,
    "lat2": 44.248034996864774,
    "lng1": 43.045351918364304,
    "lng2": 43.11249278902892
  },
  "Nalchik": {
    "latc": 43.51403333333333,
    "lngc": 43.63655,
    "lat1": 43.50448793968717,
    "lat2": 43.52640533341203,
    "lng1": 43.61672681155278,
    "lng2": 43.65897678255919
  },
  "Mozdok": {
    "latc": 43.79173333333333,
    "lngc": 44.59968333333333,
    "lat1": 43.770536105643764,
    "lat2": 43.80524233902007,
    "lng1": 44.56631463351323,
    "lng2": 44.63126682162169
  },
  "Beslan": {
    "latc": 43.2057,
    "lngc": 44.60576666666667,
    "lat1": 43.1945706434561,
    "lat2": 43.21813273562955,
    "lng1": 44.57884591403081,
    "lng2": 44.63478587984923
  },
  "Vaziani": {
    "latc": 41.62905,
    "lngc": 45.0272,
    "lat1": 41.61521784035104,
    "lat2": 41.64541016910355,
    "lng1": 45.00821393313481,
    "lng2": 45.04831813692931
  },
  "Soganlug": {
    "latc": 41.641163266787,
    "lngc": 44.947183065317
  },
  "Tbilisi-Lochini": {
    "latc": 41.674719358734,
    "lngc": 44.946876591924
  },
  "Maykop-Khanskaya_FARP": {
    "latc": 44.371849533834,
    "lngc": 40.835395956664
  },
  "Sochi-Adler_FARP": {
    "latc": 43.912536014514,
    "lngc": 39.342575180364
  },
  "Beslan_FARP": {
    "latc": 42.622308055654,
    "lngc": 44.616506333045
  },
  "Mineralnye-Vody_FARP": {
    "latc": 44.258716756425,
    "lngc": 42.1710568357
  },
  "Vaziani-West_FARP": {
    "latc": 41.98421698528,
    "lngc": 44.434927890071
  },
  "Gelendzhik_FARP": {
    "latc": 44.362891946409,
    "lngc": 38.705707533186
  },
  "Vaziani_FARP": {
    "latc": 42.102413970137,
    "lngc": 44.773098621073
  },
  "Sukhumi-Babushara_FARP": {
    "latc": 42.667126702101,
    "lngc": 41.683406447167
  },
  "Mozdok_FARP": {
    "latc": 43.986970815008,
    "lngc": 43.60906600927
  },
  "Kutaisi-Vaziani_FARP": {
    "latc": 42.007702818227,
    "lngc": 43.69666137329
  },
  "Maykop-Vody_FARP": {
    "latc": 43.913762592298,
    "lngc": 41.476000803622
  },
  "Kutaisi_FARP": {
    "latc": 42.190086543235,
    "lngc": 42.909192041491
  },
  "Tuapse_FARP": {
    "latc": 44.093780792789,
    "lngc": 39.114031274415
  },
  "Otra_FARP": {
    "latc": 43.286839199025,
    "lngc": 40.268153967638
  },
  "Lazar_FARP": {
    "latc": 43.895417327352,
    "lngc": 39.35317602268
  },
  "Novo_FARP": {
    "latc": 44.254124314773,
    "lngc": 38.855307601189
  },
  "Natuh_FARP": {
    "latc": 44.879801087836,
    "lngc": 37.613046565954
  },
  "Mihay_FARP": {
    "latc": 44.508525051194,
    "lngc": 38.319263692018
  },
  "Sabu_FARP": {
    "latc": 42.668379170607,
    "lngc": 41.673645340463
  },
  "Arhipo_FARP": {
    "latc": 44.371107933662,
    "lngc": 38.54683295001
  },
  "Shahe_FARP": {
    "latc": 43.777407116801,
    "lngc": 39.485624810027
  },
  "Chit_FARP": {
    "latc": 42.468663943935,
    "lngc": 41.835991153531
  },
  "Shochi_FARP": {
    "latc": 43.608769715464,
    "lngc": 39.723817210996
  },
  "Tsag_FARP": {
    "latc": 42.771539647626,
    "lngc": 41.430460893537
  },
  "Psy_FARP": {
    "latc": 43.079210576041,
    "lngc": 40.8800663606
  },
  "EJ97_FARP": {
    "latc": 44.003334734227,
    "lngc": 40.141849946168
  },
  "DK68-Mihaylovskoe_FARP": {
    "latc": 45.009553633357,
    "lngc": 38.493701110604
  },
  "LP16-Kislovodsk_FARP": {
    "latc": 43.951896620538,
    "lngc": 42.743796054343
  },
  "LM63-Khashuri-East_FARP": {
    "latc": 41.833958227339,
    "lngc": 43.398853703106
  },
  "LM31-Khashuri-West_FARP": {
    "latc": 41.667132679423,
    "lngc": 43.043310780048
  },
  "KM71-Batumi-East_FARP": {
    "latc": 41.62371382621,
    "lngc": 42.257528681342
  },
  "MN21-Zemo_FARP": {
    "latc": 42.572407885625,
    "lngc": 44.117939713251
  },
  "GG40-Batumi_West_FARP": {
    "latc": 41.590948868344,
    "lngc": 41.89808637451
  },
  "EJ44-Verhne_FARP": {
    "latc": 43.733396413678,
    "lngc": 39.615137248411
  },
  "MM17-Tskhinvali_FARP": {
    "latc": 42.262303484377,
    "lngc": 43.958844500862
  },
  "EK92-Shuntuk_FARP": {
    "latc": 44.4353318047,
    "lngc": 40.174564316905
  },
  "LM01-Batumi-Khashuri_FARP": {
    "latc": 41.677985876291,
    "lngc": 42.647448842426
  },
  "DK80-Novomihay_FARP": {
    "latc": 44.29108168701,
    "lngc": 38.818620423967
  },
  "MN34-Nigniy_FARP": {
    "latc": 42.875391434575,
    "lngc": 44.157063768535
  },
  "EJ36-Soloniki_FARP": {
    "latc": 43.899696644431,
    "lngc": 39.389716450307
  },
  "EJ99-Dahovskaya_FARP": {
    "latc": 44.221120654487,
    "lngc": 40.206111250426
  },
  "FJ66-Pregradnaya_FARP": {
    "latc": 43.948041265487,
    "lngc": 41.118095099459
  },
  "FJ03-Esto_FARP": {
    "latc": 43.688114399558,
    "lngc": 40.274992498996
  },
  "LP88-Georgievsk_FARP": {
    "latc": 44.108884756488,
    "lngc": 43.52997264592
  },
  "DK52-Pshada_FARP": {
    "latc": 44.437728707946,
    "lngc": 38.462371961245
  },
  "MM69-Nigniy_FARP": {
    "latc": 42.426384764934,
    "lngc": 44.55053977157
  },
  "MM76-Zhinvali_FARP": {
    "latc": 42.179987529294,
    "lngc": 44.691751994311
  },